title;alt;url
flip flops жен евро 99 серые;flip flops жен евро 99 серые;/img-shoes/247465_500.jpg
 челси жен белв 110 bordo; челси жен белв 110 bordo;/img-shoes/2MOLLY236.jpg
 челси жен белв 110 green; челси жен белв 110 green;/img-shoes/2MOLLY236_green.jpg
women wedding bridal shoes 250 gold;women wedding bridal shoes 250 gold;/img-shoes/35-2156m22.jpg
ankle boots жен евро 120 черн;ankle boots жен евро 120 черн;/img-shoes/3662975_350.jpg
слипперы жен евро 70 коричн;слипперы жен евро 70 коричн;/img-shoes/393067_350.jpg
слипперы жен евро 70 pink;слипперы жен евро 70 pink;/img-shoes/393067_350_pink.jpg
 men  Flip Flops  еврошуз 25 black; men  Flip Flops  еврошуз 25 black;/img-shoes/6835289_350.jpg
Unisex Rubber Shoes Пума 150  мультиколор;Unisex Rubber Shoes Пума 150  мультиколор;/img-shoes/919iiUL320.jpg
 Men\'s Chelsea еврошуз 155 brown; Men\'s Chelsea еврошуз 155 brown;/img-shoes/gh355kf.jpg
 Men\'s Chelsea еврошуз 155 bordo; Men\'s Chelsea еврошуз 155 bordo;/img-shoes/gh355kf_bordo.jpg
 men Slippers 24 black; men Slippers 24 black;/img-shoes/ghdkh458k.jpg
 woman winter snow boots еврошуз 75 blue; woman winter snow boots еврошуз 75 blue;/img-shoes/PI911X02S.jpg
woman winter boots еврошуз 75 purple;woman winter boots еврошуз 75 purple;/img-shoes/PI911X02S_purple.jpg
 Unisex Slippers еврошуз 300 grey; Unisex Slippers еврошуз 300 grey;/img-shoes/sr046grey.jpg
 man winter snow boots еврошуз 55 blue; man winter snow boots еврошуз 55 blue;/img-shoes/TO212K00X.jpg
 man winter boots еврошуз 55 purple; man winter boots еврошуз 55 purple;/img-shoes/TO212K00X_purple.jpg
